{
  "CustomLocations": [
    {
      "Name": "Unknown",
      "Pitch": 0.023860,
      "Roll": -0.008141,
      "X": 2524.794434,
      "Y": 872.622986,
      "Yaw": 0.599551,
      "Z": 86.089584
    }
  ]
}